<FrameData numFrames="13" spherical="1" sphericalpower="0.900000" rotation="0.000000">
	<Frame index="1" width="4096.000000" height="1024.000000" topHeight="256.000000" sphericalSize="2048.000000" scale="1.000000" diffRed="0.017440" diffGreen="0.023819" diffBlue="0.040739" fogMinRed="0.011686" fogMinGreen="0.012918" fogMinBlue="0.020108" fogMaxRed="0.291149" fogMaxGreen="0.176169" fogMaxBlue="0.099822" fogAvgRed="0.023174" fogAvgGreen="0.027456" fogAvgBlue="0.042338" motionMinRed="-0.413645" motionMinGreen="-0.614376" motionMinBlue="-0.413645" motionMinAlpha="-0.614376" motionMaxRed="0.423472" motionMaxGreen="0.371746" motionMaxBlue="0.423472" motionMaxAlpha="0.371746"/>
	<Frame index="2" width="4096.000000" height="1024.000000" topHeight="256.000000" sphericalSize="2048.000000" scale="1.000000" diffRed="0.017440" diffGreen="0.023819" diffBlue="0.040739" fogMinRed="0.011686" fogMinGreen="0.012918" fogMinBlue="0.020108" fogMaxRed="0.291149" fogMaxGreen="0.176169" fogMaxBlue="0.099822" fogAvgRed="0.023174" fogAvgGreen="0.027456" fogAvgBlue="0.042338" motionMinRed="-0.413645" motionMinGreen="-0.614376" motionMinBlue="-0.413645" motionMinAlpha="-0.614376" motionMaxRed="0.423472" motionMaxGreen="0.371746" motionMaxBlue="0.423472" motionMaxAlpha="0.371746"/>
	<Frame index="3" width="4096.000000" height="1024.000000" topHeight="256.000000" sphericalSize="2048.000000" scale="1.000000" diffRed="0.017440" diffGreen="0.023819" diffBlue="0.040739" fogMinRed="0.011686" fogMinGreen="0.012918" fogMinBlue="0.020108" fogMaxRed="0.291149" fogMaxGreen="0.176169" fogMaxBlue="0.099822" fogAvgRed="0.023174" fogAvgGreen="0.027456" fogAvgBlue="0.042338" motionMinRed="-0.413645" motionMinGreen="-0.614376" motionMinBlue="-0.413645" motionMinAlpha="-0.614376" motionMaxRed="0.423472" motionMaxGreen="0.371746" motionMaxBlue="0.423472" motionMaxAlpha="0.371746"/>
	<Frame index="4" width="4096.000000" height="1024.000000" topHeight="256.000000" sphericalSize="2048.000000" scale="1.000000" diffRed="0.017440" diffGreen="0.023819" diffBlue="0.040739" fogMinRed="0.011686" fogMinGreen="0.012918" fogMinBlue="0.020108" fogMaxRed="0.291149" fogMaxGreen="0.176169" fogMaxBlue="0.099822" fogAvgRed="0.023174" fogAvgGreen="0.027456" fogAvgBlue="0.042338" motionMinRed="-0.413645" motionMinGreen="-0.614376" motionMinBlue="-0.413645" motionMinAlpha="-0.614376" motionMaxRed="0.423472" motionMaxGreen="0.371746" motionMaxBlue="0.423472" motionMaxAlpha="0.371746"/>
	<Frame index="5" width="4096.000000" height="1024.000000" topHeight="256.000000" sphericalSize="2048.000000" scale="1.000000" diffRed="0.017440" diffGreen="0.023819" diffBlue="0.040739" fogMinRed="0.011686" fogMinGreen="0.012918" fogMinBlue="0.020108" fogMaxRed="0.291149" fogMaxGreen="0.176169" fogMaxBlue="0.099822" fogAvgRed="0.023174" fogAvgGreen="0.027456" fogAvgBlue="0.042338" motionMinRed="-85.758881" motionMinGreen="-13.583883" motionMinBlue="-0.413645" motionMinAlpha="-0.614376" motionMaxRed="8.871129" motionMaxGreen="86.823601" motionMaxBlue="0.423472" motionMaxAlpha="0.371746"/>
	<Frame index="6" width="4096.000000" height="1024.000000" topHeight="256.000000" sphericalSize="2048.000000" scale="1.000000" diffRed="0.036016" diffGreen="0.043546" diffBlue="0.064670" fogMinRed="0.014627" fogMinGreen="0.018810" fogMinBlue="0.029970" fogMaxRed="0.310541" fogMaxGreen="0.250768" fogMaxBlue="0.211806" fogAvgRed="0.042222" fogAvgGreen="0.048684" fogAvgBlue="0.067933" motionMinRed="-65.281364" motionMinGreen="-7.152795" motionMinBlue="-11.641759" motionMinAlpha="-98.676941" motionMaxRed="7.524606" motionMaxGreen="85.788048" motionMaxBlue="89.621979" motionMaxAlpha="8.987781"/>
	<Frame index="7" width="4096.000000" height="1024.000000" topHeight="256.000000" sphericalSize="2048.000000" scale="1.000000" diffRed="0.058577" diffGreen="0.068827" diffBlue="0.096648" fogMinRed="0.018612" fogMinGreen="0.030444" fogMinBlue="0.058050" fogMaxRed="0.518990" fogMaxGreen="0.463314" fogMaxBlue="0.432525" fogAvgRed="0.067271" fogAvgGreen="0.076746" fogAvgBlue="0.102748" motionMinRed="-43.770950" motionMinGreen="-49.645325" motionMinBlue="-9.874312" motionMinAlpha="-75.466476" motionMaxRed="50.633183" motionMaxGreen="40.083984" motionMaxBlue="59.303204" motionMaxAlpha="12.878061"/>
	<Frame index="8" width="4096.000000" height="1024.000000" topHeight="256.000000" sphericalSize="2048.000000" scale="1.000000" diffRed="0.053912" diffGreen="0.061737" diffBlue="0.083392" fogMinRed="0.012200" fogMinGreen="0.021358" fogMinBlue="0.040948" fogMaxRed="0.463165" fogMaxGreen="0.415263" fogMaxBlue="0.394000" fogAvgRed="0.062674" fogAvgGreen="0.069637" fogAvgBlue="0.089713" motionMinRed="-36.753128" motionMinGreen="-32.866917" motionMinBlue="-47.993999" motionMinAlpha="-33.277065" motionMaxRed="32.016029" motionMaxGreen="56.750061" motionMaxBlue="37.259270" motionMaxAlpha="52.479923"/>
	<Frame index="9" width="4096.000000" height="1024.000000" topHeight="256.000000" sphericalSize="2048.000000" scale="1.000000" diffRed="0.076243" diffGreen="0.085558" diffBlue="0.113013" fogMinRed="0.015023" fogMinGreen="0.026969" fogMinBlue="0.051686" fogMaxRed="0.728478" fogMaxGreen="0.653322" fogMaxBlue="0.551415" fogAvgRed="0.090534" fogAvgGreen="0.099622" fogAvgBlue="0.124963" motionMinRed="-30.135201" motionMinGreen="-11.928302" motionMinBlue="-23.841742" motionMinAlpha="-72.266212" motionMaxRed="33.708782" motionMaxGreen="56.783176" motionMaxBlue="30.174370" motionMaxAlpha="29.117628"/>
	<Frame index="10" width="4096.000000" height="1024.000000" topHeight="256.000000" sphericalSize="2048.000000" scale="1.000000" diffRed="0.099299" diffGreen="0.110992" diffBlue="0.145703" fogMinRed="0.020566" fogMinGreen="0.035921" fogMinBlue="0.067757" fogMaxRed="0.882600" fogMaxGreen="0.843571" fogMaxBlue="0.794055" fogAvgRed="0.118135" fogAvgGreen="0.131001" fogAvgBlue="0.164048" motionMinRed="-37.116684" motionMinGreen="-7.284482" motionMinBlue="-28.266478" motionMinAlpha="-62.139233" motionMaxRed="7.598977" motionMaxGreen="49.181389" motionMaxBlue="28.789833" motionMaxAlpha="13.361403"/>
	<Frame index="11" width="4096.000000" height="1024.000000" topHeight="256.000000" sphericalSize="2048.000000" scale="1.000000" diffRed="0.107741" diffGreen="0.125193" diffBlue="0.170820" fogMinRed="0.021922" fogMinGreen="0.040069" fogMinBlue="0.078086" fogMaxRed="0.927884" fogMaxGreen="0.894185" fogMaxBlue="0.835050" fogAvgRed="0.123545" fogAvgGreen="0.144103" fogAvgBlue="0.189949" motionMinRed="-48.966755" motionMinGreen="-22.603756" motionMinBlue="-7.625585" motionMinAlpha="-49.433041" motionMaxRed="11.795520" motionMaxGreen="45.825451" motionMaxBlue="40.221935" motionMaxAlpha="9.646395"/>
	<Frame index="12" width="4096.000000" height="1024.000000" topHeight="256.000000" sphericalSize="2048.000000" scale="1.000000" diffRed="0.141128" diffGreen="0.158332" diffBlue="0.206925" fogMinRed="0.024693" fogMinGreen="0.047575" fogMinBlue="0.094525" fogMaxRed="0.977980" fogMaxGreen="0.972059" fogMaxBlue="0.963310" fogAvgRed="0.149087" fogAvgGreen="0.172098" fogAvgBlue="0.222351" motionMinRed="-0.580216" motionMinGreen="-0.325775" motionMinBlue="-13.498070" motionMinAlpha="-48.076714" motionMaxRed="0.356575" motionMaxGreen="0.241884" motionMaxBlue="51.355335" motionMaxAlpha="15.653296"/>
</FrameData>
